images/0.jpg,Armin Arlert,Attack On Titan,Armin Arlert's face from Attack On Titan anime
images/10.jpg,Armin Arlert,Attack On Titan,Armin Arlert's face from Attack On Titan anime
images/20.jpg,Armin Arlert,Attack On Titan,Armin Arlert's face from Attack On Titan anime
images/30.jpg,Armin Arlert,Attack On Titan,Armin Arlert's face from Attack On Titan anime
images/40.jpg,Armin Arlert,Attack On Titan,Armin Arlert's face from Attack On Titan anime
images/50.jpg,Armin Arlert,Attack On Titan,Armin Arlert's face from Attack On Titan anime
images/60.jpg,Armin Arlert,Attack On Titan,Armin Arlert's face from Attack On Titan anime
images/70.jpg,Armin Arlert,Attack On Titan,Armin Arlert's face from Attack On Titan anime
images/80.jpg,Armin Arlert,Attack On Titan,Armin Arlert's face from Attack On Titan anime
images/90.jpg,Armin Arlert,Attack On Titan,Armin Arlert's face from Attack On Titan anime
images/100.jpg,Armin Arlert,Attack On Titan,Armin Arlert's face from Attack On Titan anime
images/110.jpg,Armin Arlert,Attack On Titan,Armin Arlert's face from Attack On Titan anime
images/120.jpg,Armin Arlert,Attack On Titan,Armin Arlert's face from Attack On Titan anime
images/130.jpg,Armin Arlert,Attack On Titan,Armin Arlert's face from Attack On Titan anime
images/140.jpg,Armin Arlert,Attack On Titan,Armin Arlert's face from Attack On Titan anime
images/150.jpg,Armin Arlert,Attack On Titan,Armin Arlert's face from Attack On Titan anime
images/160.jpg,Armin Arlert,Attack On Titan,Armin Arlert's face from Attack On Titan anime
images/170.jpg,Armin Arlert,Attack On Titan,Armin Arlert's face from Attack On Titan anime
images/180.jpg,Armin Arlert,Attack On Titan,Armin Arlert's face from Attack On Titan anime
images/190.jpg,Armin Arlert,Attack On Titan,Armin Arlert's face from Attack On Titan anime
images/200.jpg,Armin Arlert,Attack On Titan,Armin Arlert's face from Attack On Titan anime
images/210.jpg,Armin Arlert,Attack On Titan,Armin Arlert's face from Attack On Titan anime
images/220.jpg,Armin Arlert,Attack On Titan,Armin Arlert's face from Attack On Titan anime
images/230.jpg,Armin Arlert,Attack On Titan,Armin Arlert's face from Attack On Titan anime
images/240.jpg,Armin Arlert,Attack On Titan,Armin Arlert's face from Attack On Titan anime
images/250.jpg,Armin Arlert,Attack On Titan,Armin Arlert's face from Attack On Titan anime
images/260.jpg,Armin Arlert,Attack On Titan,Armin Arlert's face from Attack On Titan anime
images/270.jpg,Armin Arlert,Attack On Titan,Armin Arlert's face from Attack On Titan anime
images/280.jpg,Armin Arlert,Attack On Titan,Armin Arlert's face from Attack On Titan anime
images/290.jpg,Armin Arlert,Attack On Titan,Armin Arlert's face from Attack On Titan anime
images/300.jpg,Armin Arlert,Attack On Titan,Armin Arlert's face from Attack On Titan anime
